,mean_fit_time,std_fit_time,mean_score_time,std_score_time,param_svc__C,param_svc__class_weight,param_svc__degree,param_svc__gamma,param_svc__kernel,params,split0_test_score,split1_test_score,split2_test_score,mean_test_score,std_test_score,rank_test_score
0,0.3850373427073161,0.0016153262114952452,0.1532109578450521,0.0030348708930068333,0.004109767106605696,,5.889133131946552,0.01847169932443335,rbf,"{'svc__C': 0.004109767106605696, 'svc__class_weight': None, 'svc__degree': 5.889133131946552, 'svc__gamma': 0.01847169932443335, 'svc__kernel': 'rbf'}",0.8063225947841332,0.7055854274113903,0.8426423790189839,0.7848501337381691,0.057976730582302835,51
1,1.4594266414642334,0.005566043026566139,0.9748930136362711,0.008306078265661014,2.566414083474896,,3.9285597914561454,7.944052540378865,rbf,"{'svc__C': 2.566414083474896, 'svc__class_weight': None, 'svc__degree': 3.9285597914561454, 'svc__gamma': 7.944052540378865, 'svc__kernel': 'rbf'}",0.5,0.5,0.5,0.5,0.0,87
2,0.23683436711629233,0.011575077420252709,0.04201364517211914,0.0044557164147011295,0.001333351283665894,,6.573254905013814,0.06906738379990016,sigmoid,"{'svc__C': 0.001333351283665894, 'svc__class_weight': None, 'svc__degree': 6.573254905013814, 'svc__gamma': 0.06906738379990016, 'svc__kernel': 'sigmoid'}",0.7887354810431734,0.779984637331285,0.8288159771754636,0.7991786985166406,0.021259045622087813,44
3,1.4874609311421711,0.0075263175327618965,0.5271260738372803,0.014708984047715609,0.04863578406332124,balanced,6.471846909041685,92.57547565819546,poly,"{'svc__C': 0.04863578406332124, 'svc__class_weight': 'balanced', 'svc__degree': 6.471846909041685, 'svc__gamma': 92.57547565819546, 'svc__kernel': 'poly'}",0.6445321060705675,0.6591682212224295,0.5903654120487216,0.6313552464472395,0.02959368017779115,77
4,0.35161304473876953,0.01042920816521607,0.06617569923400879,0.004325851618446434,0.3820416073230085,,5.799323983374028,0.025602923671865587,linear,"{'svc__C': 0.3820416073230085, 'svc__class_weight': None, 'svc__degree': 5.799323983374028, 'svc__gamma': 0.025602923671865587, 'svc__kernel': 'linear'}",0.7569581415735261,0.9028859870514649,0.9315263908701855,0.8637901731650589,0.07644117744255179,17
5,0.7877602577209473,0.06000646607274812,0.3125316301981608,0.02398023819166635,0.04897117269464112,balanced,2.1504531791539394,0.0058645337865533475,poly,"{'svc__C': 0.04897117269464112, 'svc__class_weight': 'balanced', 'svc__degree': 2.1504531791539394, 'svc__gamma': 0.0058645337865533475, 'svc__kernel': 'poly'}",0.7058952443567829,0.7985295731372765,0.7187534291671239,0.7410594155537278,0.040975175319231706,68
6,0.28479377428690594,0.014047740222761857,0.06413062413533528,0.000823538895825551,0.004020176207809462,,5.433961437842719,0.0015625131139808393,linear,"{'svc__C': 0.004020176207809462, 'svc__class_weight': None, 'svc__degree': 5.433961437842719, 'svc__gamma': 0.0015625131139808393, 'svc__kernel': 'linear'}",0.7898312513697129,0.9354767913969055,0.9511686601558215,0.8921589009741466,0.07263961082615365,9
7,1.3630303541819255,0.010998865479956247,0.7527770201365153,0.024067932088127627,0.12203415378848896,balanced,4.314074444943965,0.0062065544513770984,rbf,"{'svc__C': 0.12203415378848896, 'svc__class_weight': 'balanced', 'svc__degree': 4.314074444943965, 'svc__gamma': 0.0062065544513770984, 'svc__kernel': 'rbf'}",0.8335524873986413,0.8633819817842643,0.9352573247009767,0.8773972646279607,0.042687153395881194,13
8,0.32059892018636066,0.012720920416867966,0.06385533014933269,0.00914352020268492,0.00748265061063495,balanced,3.68297874467058,2.279842612011188,linear,"{'svc__C': 0.00748265061063495, 'svc__class_weight': 'balanced', 'svc__degree': 3.68297874467058, 'svc__gamma': 2.279842612011188, 'svc__kernel': 'linear'}",0.7489590181897874,0.9117743882365851,0.9473279929770658,0.8693537998011461,0.08636045500090749,14
9,1.4297672112782795,0.03227500415703006,0.9276454448699951,0.026680505415109544,0.6207369074879019,,5.954556745607167,72.99317417882844,rbf,"{'svc__C': 0.6207369074879019, 'svc__class_weight': None, 'svc__degree': 5.954556745607167, 'svc__gamma': 72.99317417882844, 'svc__kernel': 'rbf'}",0.5,0.5,0.5,0.5,0.0,87
10,0.42225217819213867,0.004292722471352334,0.08927575747172038,0.007168032753924893,0.0017261835111852118,balanced,6.8625434608288325,0.042077041849659644,linear,"{'svc__C': 0.0017261835111852118, 'svc__class_weight': 'balanced', 'svc__degree': 6.8625434608288325, 'svc__gamma': 0.042077041849659644, 'svc__kernel': 'linear'}",0.7584922200306816,0.93854932513991,0.9766267968835729,0.8912227806847216,0.09513332666053181,11
11,0.2740926742553711,0.020850150778972096,0.046781698862711586,0.008087533465480672,10.001029902768769,,5.578372612503537,10.386441346670384,linear,"{'svc__C': 10.001029902768769, 'svc__class_weight': None, 'svc__degree': 5.578372612503537, 'svc__gamma': 10.386441346670384, 'svc__kernel': 'linear'}",0.7569581415735261,0.9028859870514649,0.9315263908701855,0.8637901731650589,0.07644117744255179,17
12,1.2123946348826091,0.11699630619954202,0.4577699502309163,0.03659936061873205,0.0035638522037557824,,3.0485225425093847,3.472242541302474,poly,"{'svc__C': 0.0035638522037557824, 'svc__class_weight': None, 'svc__degree': 3.0485225425093847, 'svc__gamma': 3.472242541302474, 'svc__kernel': 'poly'}",0.754985754985755,0.9040930538790739,0.9300998573466477,0.8630595554038255,0.07715373488152924,30
13,1.529774268468221,0.025025848191791683,0.9877444903055826,0.0026432586088857265,2.1164147371888764,balanced,6.9302997522284056,14.851227352266735,rbf,"{'svc__C': 2.1164147371888764, 'svc__class_weight': 'balanced', 'svc__degree': 6.9302997522284056, 'svc__gamma': 14.851227352266735, 'svc__kernel': 'rbf'}",0.5,0.5,0.5,0.5,0.0,87
14,1.4647707144419353,0.0392565334441846,0.5649096171061198,0.013983098050316617,5.670176900301697,balanced,6.110857721792987,0.7524222320532459,poly,"{'svc__C': 5.670176900301697, 'svc__class_weight': 'balanced', 'svc__degree': 6.110857721792987, 'svc__gamma': 0.7524222320532459, 'svc__kernel': 'poly'}",0.6445321060705675,0.6591682212224295,0.5903654120487216,0.6313552464472395,0.02959368017779115,77
15,0.31243570645650226,0.02112867385256475,0.05792768796284994,0.003012374571623219,7.263718991842849,,6.018961030942058,30.78211597283152,linear,"{'svc__C': 7.263718991842849, 'svc__class_weight': None, 'svc__degree': 6.018961030942058, 'svc__gamma': 30.78211597283152, 'svc__kernel': 'linear'}",0.7569581415735261,0.9028859870514649,0.9315263908701855,0.8637901731650589,0.07644117744255179,17
16,1.4285168647766113,0.03140732585325983,0.93710724512736,0.02874771106286891,64.29588531345686,,4.640091089724117,17.101657063271308,rbf,"{'svc__C': 64.29588531345686, 'svc__class_weight': None, 'svc__degree': 4.640091089724117, 'svc__gamma': 17.101657063271308, 'svc__kernel': 'rbf'}",0.5,0.5,0.5,0.5,0.0,87
17,0.24719969431559244,0.02172190463434492,0.038158257802327476,0.0016445172089893446,0.04678011017996755,,5.647967862398817,4.143592458060652,sigmoid,"{'svc__C': 0.04678011017996755, 'svc__class_weight': None, 'svc__degree': 5.647967862398817, 'svc__gamma': 4.143592458060652, 'svc__kernel': 'sigmoid'}",0.8088976550515012,0.7437726325030176,0.8405574454076594,0.7977425776540595,0.040291866971336514,47
18,0.3060477574666341,0.017217386156355454,0.05918653806050619,0.002370756365627354,0.007071726021135135,,5.089014165746679,1.1212999635976828,linear,"{'svc__C': 0.007071726021135135, 'svc__class_weight': None, 'svc__degree': 5.089014165746679, 'svc__gamma': 1.1212999635976828, 'svc__kernel': 'linear'}",0.8174446635985099,0.9237353231647099,0.9390979918797322,0.8934259928809839,0.054091741188223914,7
19,1.3482373555501301,0.021217590175159593,0.8582776387532552,0.022321072553390553,0.4045737556147276,balanced,2.919785083070017,19.372877124235153,rbf,"{'svc__C': 0.4045737556147276, 'svc__class_weight': 'balanced', 'svc__degree': 2.919785083070017, 'svc__gamma': 19.372877124235153, 'svc__kernel': 'rbf'}",0.5,0.5,0.5,0.5,0.0,87
20,0.3056629498799642,0.00790835565982065,0.04745260874430338,0.002754942808741841,5.678520573052369,,2.2804994363732005,0.0017175599189231698,sigmoid,"{'svc__C': 5.678520573052369, 'svc__class_weight': None, 'svc__degree': 2.2804994363732005, 'svc__gamma': 0.0017175599189231698, 'svc__kernel': 'sigmoid'}",0.6907736138505369,0.8358389114451883,0.8307911774388237,0.7858012342448496,0.06722626660764848,49
21,0.23412267367045084,0.0026551361458516365,0.03861689567565918,0.0013790292747708735,0.2787764372120143,,2.0626753822717454,0.005743047375514925,sigmoid,"{'svc__C': 0.2787764372120143, 'svc__class_weight': None, 'svc__degree': 2.0626753822717454, 'svc__gamma': 0.005743047375514925, 'svc__kernel': 'sigmoid'}",0.6794871794871796,0.9128717217162297,0.9031054537473939,0.8318214516502677,0.10779036089899421,36
22,0.27141427993774414,0.001848031185759554,0.041463375091552734,0.00207360605937932,0.06633554408164129,balanced,5.60501500049087,0.06033749850999232,linear,"{'svc__C': 0.06633554408164129, 'svc__class_weight': 'balanced', 'svc__degree': 5.60501500049087, 'svc__gamma': 0.06033749850999232, 'svc__kernel': 'linear'}",0.7569581415735261,0.9028859870514649,0.9315263908701855,0.8637901731650589,0.07644117744255179,17
23,0.18682734171549478,0.008995000350404458,0.05699324607849121,0.0058908060945154165,0.0013009859209528992,,6.902951619244515,0.03257407402853037,rbf,"{'svc__C': 0.0013009859209528992, 'svc__class_weight': None, 'svc__degree': 6.902951619244515, 'svc__gamma': 0.03257407402853037, 'svc__kernel': 'rbf'}",0.7332895025202718,0.6889059585207946,0.7447053659607155,0.7223002756672606,0.024068870597818256,71
24,1.4450337092081706,0.03128145628045789,0.9243489106496176,0.01948784793659197,1.8160804269291733,balanced,4.044516299914774,6.902782250888548,rbf,"{'svc__C': 1.8160804269291733, 'svc__class_weight': 'balanced', 'svc__degree': 4.044516299914774, 'svc__gamma': 6.902782250888548, 'svc__kernel': 'rbf'}",0.5,0.5,0.5,0.5,0.0,87
25,1.260987917582194,0.09851801638172289,0.3790334065755208,0.04108799835680558,0.05160883470835509,balanced,3.127967725817511,2.2553306642131425,poly,"{'svc__C': 0.05160883470835509, 'svc__class_weight': 'balanced', 'svc__degree': 3.127967725817511, 'svc__gamma': 2.2553306642131425, 'svc__kernel': 'poly'}",0.754985754985755,0.9040930538790739,0.9300998573466477,0.8630595554038255,0.07715373488152924,30
26,0.43527674674987793,0.005473880401729093,0.10840026537577312,0.013643444239239662,0.0016279449014217839,balanced,3.9270024777545935,46.75467678781335,linear,"{'svc__C': 0.0016279449014217839, 'svc__class_weight': 'balanced', 'svc__degree': 3.9270024777545935, 'svc__gamma': 46.75467678781335, 'svc__kernel': 'linear'}",0.7579443348674119,0.9403050587073412,0.9769559969274663,0.8917351301674064,0.09578032330410266,10
27,0.6740167140960693,0.08334477605592237,0.18938700358072916,0.026747723203214193,4.279559425061243,balanced,6.063102784319915,2.9039583449605013,sigmoid,"{'svc__C': 4.279559425061243, 'svc__class_weight': 'balanced', 'svc__degree': 6.063102784319915, 'svc__gamma': 2.9039583449605013, 'svc__kernel': 'sigmoid'}",0.6953758492220031,0.7231427630857018,0.8454954460660595,0.7546713527912549,0.06521509189224702,61
28,0.20712971687316895,0.015380272057727356,0.03737020492553711,0.004598495429728868,0.9324555445930128,,3.747430272243304,0.39070008724745336,sigmoid,"{'svc__C': 0.9324555445930128, 'svc__class_weight': None, 'svc__degree': 3.747430272243304, 'svc__gamma': 0.39070008724745336, 'svc__kernel': 'sigmoid'}",0.8088976550515012,0.7466256995500932,0.7958959727861297,0.7838064424625747,0.02682121881490416,52
29,0.2569916248321533,0.00588950004233668,0.04985928535461426,0.0023419556259338665,5.567712237172498,,5.957604761267807,0.011452465593256798,linear,"{'svc__C': 5.567712237172498, 'svc__class_weight': None, 'svc__degree': 5.957604761267807, 'svc__gamma': 0.011452465593256798, 'svc__kernel': 'linear'}",0.7569581415735261,0.9028859870514649,0.9315263908701855,0.8637901731650589,0.07644117744255179,17
30,0.27889076868693036,0.01191422305055413,0.04873323440551758,0.0032268885405822515,0.02465885218786045,balanced,3.619112451512125,0.024210301764213783,linear,"{'svc__C': 0.02465885218786045, 'svc__class_weight': 'balanced', 'svc__degree': 3.619112451512125, 'svc__gamma': 0.024210301764213783, 'svc__kernel': 'linear'}",0.7569581415735261,0.9028859870514649,0.9315263908701855,0.8637901731650589,0.07644117744255179,17
31,1.4927349885304768,0.05841633765134188,0.5970016320546468,0.023204722205829743,0.18230148524872566,,5.613720991870644,45.86454504046237,poly,"{'svc__C': 0.18230148524872566, 'svc__class_weight': None, 'svc__degree': 5.613720991870644, 'svc__gamma': 45.86454504046237, 'svc__kernel': 'poly'}",0.6517641902257287,0.7782289037638538,0.8626138483485132,0.7642023141126986,0.08664853718924974,55
32,0.4783485730489095,0.028673798525807693,0.11632275581359863,0.006094912675469874,8.34610723015804,balanced,5.975595191948824,0.0026618116510335843,sigmoid,"{'svc__C': 8.34610723015804, 'svc__class_weight': 'balanced', 'svc__degree': 5.975595191948824, 'svc__gamma': 0.0026618116510335843, 'svc__kernel': 'sigmoid'}",0.7541091387245233,0.8459343794579173,0.796444639525952,0.7988293859027976,0.03752540446504515,45
33,1.5943886439005535,0.015831788703683302,0.9699259599049886,0.00331884545637038,0.527281411953473,balanced,5.259283863206157,0.7910080334505987,rbf,"{'svc__C': 0.527281411953473, 'svc__class_weight': 'balanced', 'svc__degree': 5.259283863206157, 'svc__gamma': 0.7910080334505987, 'svc__kernel': 'rbf'}",0.5007122507122508,0.5007132667617689,0.5,0.5004751724913399,0.00033599794690222735,86
34,1.486333926518758,0.0997278277746277,0.9578174750010172,0.012006551878197668,5.323102019018455,balanced,2.0150653866942245,1.3535128295702334,rbf,"{'svc__C': 5.323102019018455, 'svc__class_weight': 'balanced', 'svc__degree': 2.0150653866942245, 'svc__gamma': 1.3535128295702334, 'svc__kernel': 'rbf'}",0.5,0.5,0.5,0.5,0.0,87
35,1.3046317100524902,0.007173666734819494,0.521202802658081,0.027285257515776692,0.00485334744169327,balanced,5.497824993610763,12.457913057491757,poly,"{'svc__C': 0.00485334744169327, 'svc__class_weight': 'balanced', 'svc__degree': 5.497824993610763, 'svc__gamma': 12.457913057491757, 'svc__kernel': 'poly'}",0.6517641902257287,0.7782289037638538,0.8626138483485132,0.7642023141126986,0.08664853718924974,55
36,0.22590907414754233,0.00819041000460862,0.04602464040120443,0.0008704381700119052,0.006861656251790268,,2.8311172482977276,0.0011103530027926469,sigmoid,"{'svc__C': 0.006861656251790268, 'svc__class_weight': None, 'svc__degree': 2.8311172482977276, 'svc__gamma': 0.0011103530027926469, 'svc__kernel': 'sigmoid'}",0.7272627657243041,0.9297706573027544,0.896740919565456,0.8512581141975049,0.08870879597872106,35
37,0.22221914927164713,0.006923353238517956,0.03828859329223633,0.0027420173721376976,0.9538810370561297,,6.859074808058207,0.004385256137031606,sigmoid,"{'svc__C': 0.9538810370561297, 'svc__class_weight': None, 'svc__degree': 6.859074808058207, 'svc__gamma': 0.004385256137031606, 'svc__kernel': 'sigmoid'}",0.670830593907517,0.9045319872709316,0.8863162515088335,0.8205596108957608,0.10613525067427874,38
38,0.3113556702931722,0.009887077342136251,0.055458625157674156,0.0034180184663722924,0.004430184725874284,,2.55932954062186,0.45352093982430036,linear,"{'svc__C': 0.004430184725874284, 'svc__class_weight': None, 'svc__degree': 2.55932954062186, 'svc__gamma': 0.45352093982430036, 'svc__kernel': 'linear'}",0.7943239097085252,0.9344891912652254,0.9487545265006035,0.8925225424914514,0.06968071735983312,8
39,0.43016624450683594,0.05270210685832695,0.24332507451375326,0.031793674858960355,46.53601335326834,balanced,3.27527609409029,0.0016399077161453675,rbf,"{'svc__C': 46.53601335326834, 'svc__class_weight': 'balanced', 'svc__degree': 3.27527609409029, 'svc__gamma': 0.0016399077161453675, 'svc__kernel': 'rbf'}",0.908503177733947,0.9211017228135631,0.9596181279490837,0.9297410094988646,0.021743389642173996,2
40,1.2108349800109863,0.11680428907988905,0.4664868513743083,0.04154611634772526,2.0012696837093586,,3.8442315453530607,0.01691808115442602,poly,"{'svc__C': 2.0012696837093586, 'svc__class_weight': None, 'svc__degree': 3.8442315453530607, 'svc__gamma': 0.01691808115442602, 'svc__kernel': 'poly'}",0.754985754985755,0.9040930538790739,0.9300998573466477,0.8630595554038255,0.07715373488152924,30
41,1.493736982345581,0.05170819246246333,0.5968665281931559,0.022029937579892894,0.6994707349839467,balanced,4.445517604252583,0.0014133254686690055,poly,"{'svc__C': 0.6994707349839467, 'svc__class_weight': 'balanced', 'svc__degree': 4.445517604252583, 'svc__gamma': 0.0014133254686690055, 'svc__kernel': 'poly'}",0.6653517422748192,0.7786678371557116,0.7589158345221113,0.7343118046508806,0.04942437357007951,69
42,1.494252363840739,0.045338724865298934,0.5763660271962484,0.007063308021496527,1.220444012818612,,4.162056145453483,0.06599862240739918,poly,"{'svc__C': 1.220444012818612, 'svc__class_weight': None, 'svc__degree': 4.162056145453483, 'svc__gamma': 0.06599862240739918, 'svc__kernel': 'poly'}",0.7112645189568267,0.722703829693844,0.641062218808296,0.6916768558196557,0.03609335642818753,74
43,0.23801128069559732,0.011386858136225144,0.04195777575174967,0.002430828020542535,0.008958322325577707,,2.9386056113872643,0.02875575396077247,sigmoid,"{'svc__C': 0.008958322325577707, 'svc__class_weight': None, 'svc__degree': 2.9386056113872643, 'svc__gamma': 0.02875575396077247, 'svc__kernel': 'sigmoid'}",0.7938856015779093,0.8203665093822012,0.8364973115329748,0.8169164741643616,0.01756637912940334,40
44,1.551777760187785,0.02040945452916794,1.040315310160319,0.01072409468599314,69.06538223111508,balanced,4.779821181867154,0.5000275622123873,rbf,"{'svc__C': 69.06538223111508, 'svc__class_weight': 'balanced', 'svc__degree': 4.779821181867154, 'svc__gamma': 0.5000275622123873, 'svc__kernel': 'rbf'}",0.5042735042735043,0.5014265335235377,0.5021398002853067,0.5026132793607828,0.0012095308839867364,84
45,0.33789531389872235,0.003983706543548072,0.06564935048421223,0.002663020317699385,2.9784778275813117,,3.8260390240089213,0.05343574273680795,linear,"{'svc__C': 2.9784778275813117, 'svc__class_weight': None, 'svc__degree': 3.8260390240089213, 'svc__gamma': 0.05343574273680795, 'svc__kernel': 'linear'}",0.7569581415735261,0.9028859870514649,0.9315263908701855,0.8637901731650589,0.07644117744255179,17
46,1.4580066204071045,0.009293498602512898,0.47933165232340497,0.05291206638048039,5.1410069426053475,,4.262635033664296,0.11200470371342425,poly,"{'svc__C': 5.1410069426053475, 'svc__class_weight': None, 'svc__degree': 4.262635033664296, 'svc__gamma': 0.11200470371342425, 'svc__kernel': 'poly'}",0.7112645189568267,0.7228135630418084,0.641062218808296,0.6917134336023104,0.03612482318204711,72
47,1.4089877605438232,0.06765244294972,0.9815880457560221,0.036503716373597644,1.1237747327616547,balanced,2.429718840542983,0.031617149536578355,rbf,"{'svc__C': 1.1237747327616547, 'svc__class_weight': 'balanced', 'svc__degree': 2.429718840542983, 'svc__gamma': 0.031617149536578355, 'svc__kernel': 'rbf'}",0.6846920885382424,0.6170854822780644,0.6500054866673982,0.6505943524945682,0.027603422187915894,75
48,0.2678103446960449,0.026060391817817035,0.05342602729797363,0.0034197016516997647,0.09638428232963717,balanced,6.941416437912199,0.07575734236443872,linear,"{'svc__C': 0.09638428232963717, 'svc__class_weight': 'balanced', 'svc__degree': 6.941416437912199, 'svc__gamma': 0.07575734236443872, 'svc__kernel': 'linear'}",0.7569581415735261,0.9028859870514649,0.9315263908701855,0.8637901731650589,0.07644117744255179,17
49,0.8928577899932861,0.017049587633665868,0.597433884938558,0.008425290317019126,0.02071519048305781,,6.830039931047067,0.14067838192665122,rbf,"{'svc__C': 0.02071519048305781, 'svc__class_weight': None, 'svc__degree': 6.830039931047067, 'svc__gamma': 0.14067838192665122, 'svc__kernel': 'rbf'}",0.5363247863247863,0.5026884670251289,0.5413694721825963,0.5267942418441706,0.017169323391264864,82
50,0.22977344195048013,0.010346462010152517,0.04059282938639323,0.0020283518343596186,0.1679555462906329,,5.387129635992199,92.93779434739143,sigmoid,"{'svc__C': 0.1679555462906329, 'svc__class_weight': None, 'svc__degree': 5.387129635992199, 'svc__gamma': 92.93779434739143, 'svc__kernel': 'sigmoid'}",0.7783804514573746,0.713870295182706,0.8731482497531,0.7884663321310601,0.06541488334599396,48
51,1.3515148957570393,0.01182877634418997,0.954012950261434,0.0037994571395395015,0.03705382058308546,,4.459900294130077,18.032832287444453,rbf,"{'svc__C': 0.03705382058308546, 'svc__class_weight': None, 'svc__degree': 4.459900294130077, 'svc__gamma': 18.032832287444453, 'svc__kernel': 'rbf'}",0.5,0.5,0.5,0.5,0.0,87
52,0.7121820449829102,0.04640031131456594,0.19659924507141113,0.016678361127599864,10.345969685111193,balanced,6.374549209432587,23.8415075948905,sigmoid,"{'svc__C': 10.345969685111193, 'svc__class_weight': 'balanced', 'svc__degree': 6.374549209432587, 'svc__gamma': 23.8415075948905, 'svc__kernel': 'sigmoid'}",0.6944992329607713,0.7218259629101283,0.8080763744101833,0.7414671900936943,0.04840299659395944,67
53,0.23658029238382974,0.007763510656344569,0.0409239927927653,0.002222326926317376,0.34023298911601824,,3.5773667854712055,0.697483205734704,sigmoid,"{'svc__C': 0.34023298911601824, 'svc__class_weight': None, 'svc__degree': 3.5773667854712055, 'svc__gamma': 0.697483205734704, 'svc__kernel': 'sigmoid'}",0.7819417050186281,0.7264347635246351,0.7721935696258093,0.7601900127230241,0.0241980601459868,58
54,0.6749410629272461,0.04403030635859453,0.19623462359110513,0.004973710356589987,20.481886475642522,balanced,2.428681119916784,3.9771659942476645,sigmoid,"{'svc__C': 20.481886475642522, 'svc__class_weight': 'balanced', 'svc__degree': 2.428681119916784, 'svc__gamma': 3.9771659942476645, 'svc__kernel': 'sigmoid'}",0.6947183870260794,0.7232524964336662,0.8389114451881927,0.7522941095493128,0.06234565461898593,63
55,1.4301670392354329,0.04805514393167231,0.5941847165425619,0.0037794866385798976,0.06846012021871255,balanced,4.650509010708974,47.95024775191058,poly,"{'svc__C': 0.06846012021871255, 'svc__class_weight': 'balanced', 'svc__degree': 4.650509010708974, 'svc__gamma': 47.95024775191058, 'svc__kernel': 'poly'}",0.7112645189568267,0.7228135630418084,0.641062218808296,0.6917134336023104,0.03612482318204711,72
56,1.452641248703003,0.022461637638671764,0.6194443702697754,0.008291410261029683,0.34999439005972804,balanced,4.591418922452695,0.0021998334410927483,poly,"{'svc__C': 0.34999439005972804, 'svc__class_weight': 'balanced', 'svc__degree': 4.591418922452695, 'svc__gamma': 0.0021998334410927483, 'svc__kernel': 'poly'}",0.7165242165242166,0.7483814331175245,0.710194228025897,0.7250332925558794,0.016710654073813055,70
57,0.24590659141540527,0.006906725298954456,0.03909603754679362,0.0030457941929534806,0.5500002818878434,,3.774448862691273,98.90305571657073,sigmoid,"{'svc__C': 0.5500002818878434, 'svc__class_weight': None, 'svc__degree': 3.774448862691273, 'svc__gamma': 98.90305571657073, 'svc__kernel': 'sigmoid'}",0.7766272189349113,0.7254471633929551,0.7979809063974541,0.7666850962417735,0.030434851966068228,54
58,1.4247722625732422,0.029756541886655486,0.548713763554891,0.02593874735773062,0.006510326155604433,balanced,3.3880589950027735,0.02311882328711834,sigmoid,"{'svc__C': 0.006510326155604433, 'svc__class_weight': 'balanced', 'svc__degree': 3.3880589950027735, 'svc__gamma': 0.02311882328711834, 'svc__kernel': 'sigmoid'}",0.8589743589743589,0.9176999890266653,0.9432678591023812,0.9066474023678018,0.035288981234440006,5
59,0.32672929763793945,0.01820392696724628,0.06623156865437825,0.0018940781874741193,0.014549307844411953,balanced,5.421842155552852,0.0013492679358891359,linear,"{'svc__C': 0.014549307844411953, 'svc__class_weight': 'balanced', 'svc__degree': 5.421842155552852, 'svc__gamma': 0.0013492679358891359, 'svc__kernel': 'linear'}",0.757396449704142,0.9028859870514649,0.9362449248326568,0.8655091205294211,0.07765078611838064,16
60,0.7579135894775391,0.030898267368552543,0.2667497793833415,0.01709026968765859,33.95652721165377,balanced,4.697275787553506,0.019752627343095273,sigmoid,"{'svc__C': 33.95652721165377, 'svc__class_weight': 'balanced', 'svc__degree': 4.697275787553506, 'svc__gamma': 0.019752627343095273, 'svc__kernel': 'sigmoid'}",0.7618891080429542,0.8443981125864151,0.8439591791945572,0.8167487999413088,0.03879207403596273,42
61,1.5356556574503581,0.02214312144368292,0.914801279703776,0.020437488711951005,0.3236062692504613,balanced,4.21208675783294,7.318567231850278,rbf,"{'svc__C': 0.3236062692504613, 'svc__class_weight': 'balanced', 'svc__degree': 4.21208675783294, 'svc__gamma': 7.318567231850278, 'svc__kernel': 'rbf'}",0.5,0.5,0.5,0.5,0.0,87
62,1.555391550064087,0.009081742748722492,0.8498588403066,0.006388321349787334,25.169312498291397,balanced,5.542998111227827,0.20354160080272501,rbf,"{'svc__C': 25.169312498291397, 'svc__class_weight': 'balanced', 'svc__degree': 5.542998111227827, 'svc__gamma': 0.20354160080272501, 'svc__kernel': 'rbf'}",0.5398860398860399,0.5003292000438934,0.5320970042796005,0.5241040814031779,0.017109471191041864,83
63,1.4300243854522705,0.08604028942131357,0.8909683227539062,0.027904649813540676,0.13297555560549207,,6.986080368962324,0.09059857653801862,rbf,"{'svc__C': 0.13297555560549207, 'svc__class_weight': None, 'svc__degree': 6.986080368962324, 'svc__gamma': 0.09059857653801862, 'svc__kernel': 'rbf'}",0.5964825772518081,0.513277735103698,0.6025458136727752,0.5707687086760936,0.04072754793094035,80
64,1.3208531538645427,0.017602930926313105,0.9301648934682211,0.023106175210909814,1.4009333087478895,,3.6553843016740135,0.5024309521491253,rbf,"{'svc__C': 1.4009333087478895, 'svc__class_weight': None, 'svc__degree': 3.6553843016740135, 'svc__gamma': 0.5024309521491253, 'svc__kernel': 'rbf'}",0.5042735042735043,0.5014265335235377,0.5021398002853067,0.5026132793607828,0.0012095308839867364,84
65,0.2254453500111898,0.003934956912900119,0.035889625549316406,0.0016744720992961522,0.0012457949316596981,,5.490154955438871,1.471534341422124,sigmoid,"{'svc__C': 0.0012457949316596981, 'svc__class_weight': None, 'svc__degree': 5.490154955438871, 'svc__gamma': 1.471534341422124, 'svc__kernel': 'sigmoid'}",0.666009204470743,0.8023702403160321,0.7876659716887963,0.7520151388251904,0.06111093430312683,64
66,0.3111577033996582,0.020689735081091606,0.05826258659362793,0.008958596589938028,1.9248077976532325,,4.2766675534507685,77.58169113936712,linear,"{'svc__C': 1.9248077976532325, 'svc__class_weight': None, 'svc__degree': 4.2766675534507685, 'svc__gamma': 77.58169113936712, 'svc__kernel': 'linear'}",0.7569581415735261,0.9028859870514649,0.9315263908701855,0.8637901731650589,0.07644117744255179,17
67,0.29341896375020343,0.01837583853457361,0.048125664393107094,0.0047722905637864795,1.0945038542743233,balanced,2.447905325801206,3.5199190143559163,linear,"{'svc__C': 1.0945038542743233, 'svc__class_weight': 'balanced', 'svc__degree': 2.447905325801206, 'svc__gamma': 3.5199190143559163, 'svc__kernel': 'linear'}",0.7569581415735261,0.9028859870514649,0.9315263908701855,0.8637901731650589,0.07644117744255179,17
68,1.0477120876312256,0.08621039193676913,0.36095603307088214,0.02547535840845286,2.163136754731874,balanced,3.4061734648190125,39.45708099234247,poly,"{'svc__C': 2.163136754731874, 'svc__class_weight': 'balanced', 'svc__degree': 3.4061734648190125, 'svc__gamma': 39.45708099234247, 'svc__kernel': 'poly'}",0.754985754985755,0.9040930538790739,0.9300998573466477,0.8630595554038255,0.07715373488152924,30
69,0.28943316141764325,0.00488211280283775,0.05561606089274088,0.006326208591601016,0.5444113260632243,,2.699504743111099,8.94921869384185,linear,"{'svc__C': 0.5444113260632243, 'svc__class_weight': None, 'svc__degree': 2.699504743111099, 'svc__gamma': 8.94921869384185, 'svc__kernel': 'linear'}",0.7569581415735261,0.9028859870514649,0.9315263908701855,0.8637901731650589,0.07644117744255179,17
70,0.22883288065592447,0.010971023586329714,0.03769270579020182,0.001746886028833652,0.11865916804233725,,6.000080921165455,0.02451380327770575,sigmoid,"{'svc__C': 0.11865916804233725, 'svc__class_weight': None, 'svc__degree': 6.000080921165455, 'svc__gamma': 0.02451380327770575, 'svc__kernel': 'sigmoid'}",0.767148805610344,0.7720838362778448,0.9148469219795896,0.8180265212892595,0.06849200013772583,39
71,0.5068657398223877,0.027340636813319212,0.314163605372111,0.017458940752536133,0.04863154860883468,,3.274886388185087,0.0025518161839848045,rbf,"{'svc__C': 0.04863154860883468, 'svc__class_weight': None, 'svc__degree': 3.274886388185087, 'svc__gamma': 0.0025518161839848045, 'svc__kernel': 'rbf'}",0.9263642340565417,0.919126522550203,0.965104795347306,0.9368651839846835,0.020185850727613013,1
72,0.24812897046407065,0.009025442143173005,0.0391232967376709,0.0026923347571509264,59.87281033508335,,4.784052399401533,0.0018750098140812702,sigmoid,"{'svc__C': 59.87281033508335, 'svc__class_weight': None, 'svc__degree': 4.784052399401533, 'svc__gamma': 0.0018750098140812702, 'svc__kernel': 'sigmoid'}",0.7439184746877054,0.7495884999451333,0.7679139690551959,0.7538069812293449,0.01024020265893208,62
73,1.4936167399088542,0.023308542543785494,0.9873940944671631,0.009425774176247436,0.003182968280062417,balanced,3.1905805427656464,20.282773017741953,rbf,"{'svc__C': 0.003182968280062417, 'svc__class_weight': 'balanced', 'svc__degree': 3.1905805427656464, 'svc__gamma': 20.282773017741953, 'svc__kernel': 'rbf'}",0.5,0.5,0.5,0.5,0.0,87
74,1.527161995569865,0.021069321257359427,0.5266839663187662,0.021053182073900573,1.1998036850575364,balanced,5.710732964152644,0.0030579952451125695,poly,"{'svc__C': 1.1998036850575364, 'svc__class_weight': 'balanced', 'svc__degree': 5.710732964152644, 'svc__gamma': 0.0030579952451125695, 'svc__kernel': 'poly'}",0.64376506684199,0.7782289037638538,0.8577855810380774,0.7599265172146404,0.08832677260882658,59
75,1.5202616850535076,0.04857444852836439,0.570929209391276,0.0927724958207371,0.010333445913628026,,6.96083467012849,2.011885730618854,poly,"{'svc__C': 0.010333445913628026, 'svc__class_weight': None, 'svc__degree': 6.96083467012849, 'svc__gamma': 2.011885730618854, 'svc__kernel': 'poly'}",0.6445321060705675,0.6590584878744651,0.5903654120487216,0.6313186686645847,0.029559328619593785,79
76,0.22900263468424478,0.00959919169114733,0.06225140889485677,0.0007697468864464856,0.0014159923204973216,,6.9702559268071385,55.38779308977045,rbf,"{'svc__C': 0.0014159923204973216, 'svc__class_weight': None, 'svc__degree': 6.9702559268071385, 'svc__gamma': 55.38779308977045, 'svc__kernel': 'rbf'}",0.5,0.5,0.5,0.5,0.0,87
77,1.5908833344777424,0.0083977352725826,0.8356531461079916,0.01164301489232429,0.18584415788703007,,2.7895721188671363,90.89666236084665,rbf,"{'svc__C': 0.18584415788703007, 'svc__class_weight': None, 'svc__degree': 2.7895721188671363, 'svc__gamma': 90.89666236084665, 'svc__kernel': 'rbf'}",0.5,0.5,0.5,0.5,0.0,87
78,1.6930047671000164,0.009350141681161021,0.7961979707082113,0.003709013446199304,7.24586474741963,,3.480769435050109,0.13793196225061205,rbf,"{'svc__C': 7.24586474741963, 'svc__class_weight': None, 'svc__degree': 3.480769435050109, 'svc__gamma': 0.13793196225061205, 'svc__kernel': 'rbf'}",0.549528818759588,0.5042796005706134,0.5898716119828815,0.5478933437710276,0.034961923938556495,81
79,1.4628860155741374,0.1618046069069867,0.8897662162780762,0.10928189484224886,18.90099059613644,balanced,5.699129275486646,0.03227069841097139,rbf,"{'svc__C': 18.90099059613644, 'svc__class_weight': 'balanced', 'svc__degree': 5.699129275486646, 'svc__gamma': 0.03227069841097139, 'svc__kernel': 'rbf'}",0.680911680911681,0.6173598156479755,0.648963019861736,0.6490781721404641,0.025945068120415696,76
80,1.4864799976348877,0.01343261442706773,0.8289736111958822,0.025675147661505044,20.03100036470237,balanced,2.7714928789523356,1.2946502633596886,rbf,"{'svc__C': 20.03100036470237, 'svc__class_weight': 'balanced', 'svc__degree': 2.7714928789523356, 'svc__gamma': 1.2946502633596886, 'svc__kernel': 'rbf'}",0.5,0.5,0.5,0.5,0.0,87
81,0.9964574972788492,0.018329685236138135,0.5113897323608398,0.012209945626663573,0.024032446379676487,,6.661529653782241,2.1675288962282115,rbf,"{'svc__C': 0.024032446379676487, 'svc__class_weight': None, 'svc__degree': 6.661529653782241, 'svc__gamma': 2.1675288962282115, 'svc__kernel': 'rbf'}",0.5,0.5,0.5,0.5,0.0,87
82,0.1866466204325358,0.006324617855685012,0.027781248092651367,0.0021693023090991904,0.21815535525720883,,3.7379402043873515,25.164868579786525,sigmoid,"{'svc__C': 0.21815535525720883, 'svc__class_weight': None, 'svc__degree': 3.7379402043873515, 'svc__gamma': 25.164868579786525, 'svc__kernel': 'sigmoid'}",0.7938308130615823,0.7311532974871063,0.8300779106770547,0.7850206737419145,0.04086346118330487,50
83,0.8745532830556234,0.1004400932838334,0.34609142939249676,0.01589157016423253,0.022128991832424734,balanced,5.348430923637883,45.44720678400707,sigmoid,"{'svc__C': 0.022128991832424734, 'svc__class_weight': 'balanced', 'svc__degree': 5.348430923637883, 'svc__gamma': 45.44720678400707, 'svc__kernel': 'sigmoid'}",0.7189349112426036,0.8646987819598375,0.8118073082409745,0.7984803338144718,0.0602493855412159,46
84,0.22214365005493164,0.0176185922621436,0.03842782974243164,0.0034949084610773604,12.269443147049227,,4.754947068736116,0.8299608584975756,sigmoid,"{'svc__C': 12.269443147049227, 'svc__class_weight': None, 'svc__degree': 4.754947068736116, 'svc__gamma': 0.8299608584975756, 'svc__kernel': 'sigmoid'}",0.8412228796844181,0.7263250301766706,0.8520794469439263,0.8065424522683383,0.05689518063034657,43
85,1.4747926394144695,0.02542559713887562,0.6554799874623617,0.008770046916349663,0.0028900567884840166,balanced,6.868118084115698,0.07736314332509352,sigmoid,"{'svc__C': 0.0028900567884840166, 'svc__class_weight': 'balanced', 'svc__degree': 6.868118084115698, 'svc__gamma': 0.07736314332509352, 'svc__kernel': 'sigmoid'}",0.8643436335744028,0.9306485240864699,0.9483155931087457,0.9144359169232062,0.036147466211636135,4
86,0.32651400566101074,0.005752352972399422,0.06505997975667317,0.003357121644147451,0.02353016095749487,,6.218273948070018,0.25516285152874707,linear,"{'svc__C': 0.02353016095749487, 'svc__class_weight': None, 'svc__degree': 6.218273948070018, 'svc__gamma': 0.25516285152874707, 'svc__kernel': 'linear'}",0.7676966907736139,0.9028859870514649,0.9370130582684079,0.8691985786978288,0.07311242113620411,15
87,0.3051767349243164,0.006506713065631916,0.05464959144592285,0.003190534802383189,0.010411169574003164,,3.5448086576787485,6.375630003423054,linear,"{'svc__C': 0.010411169574003164, 'svc__class_weight': None, 'svc__degree': 3.5448086576787485, 'svc__gamma': 6.375630003423054, 'svc__kernel': 'linear'}",0.8109796186719264,0.9144079885877319,0.9339405245254032,0.8864427105950204,0.053952996036575634,12
88,1.205893913904826,0.09902227369571236,0.4184424082438151,0.03203576713142537,65.06163558191302,balanced,3.012686083492456,0.14035920606850774,poly,"{'svc__C': 65.06163558191302, 'svc__class_weight': 'balanced', 'svc__degree': 3.012686083492456, 'svc__gamma': 0.14035920606850774, 'svc__kernel': 'poly'}",0.754985754985755,0.9040930538790739,0.9300998573466477,0.8630595554038255,0.07715373488152924,30
89,0.2498784859975179,0.010823096749385065,0.041127920150756836,0.0029675698471362815,0.02323935622079983,,5.620841620692412,0.46903325923808525,sigmoid,"{'svc__C': 0.02323935622079983, 'svc__class_weight': None, 'svc__degree': 5.620841620692412, 'svc__gamma': 0.46903325923808525, 'svc__kernel': 'sigmoid'}",0.8163488932719704,0.7816306375507518,0.8525183803357841,0.8168326370528355,0.02894182124335381,41
90,0.2471326986948649,0.00496304224914591,0.0384220282236735,0.0028126667340535394,22.731806081334067,,4.276713145882233,2.3678052484944345,sigmoid,"{'svc__C': 22.731806081334067, 'svc__class_weight': None, 'svc__degree': 4.276713145882233, 'svc__gamma': 2.3678052484944345, 'svc__kernel': 'sigmoid'}",0.8144860837168529,0.7689015691868759,0.7664874355316581,0.783291696145129,0.02207977011214124,53
91,0.7061580816904703,0.037144700733215595,0.20744729042053223,0.007854742639956783,1.650264547475158,balanced,6.582914020772207,0.01063481183544496,sigmoid,"{'svc__C': 1.650264547475158, 'svc__class_weight': 'balanced', 'svc__degree': 6.582914020772207, 'svc__gamma': 0.01063481183544496, 'svc__kernel': 'sigmoid'}",0.7568485645408721,0.8428618457149128,0.8766597168879622,0.8254567090479158,0.05043730195983948,37
92,0.32280532519022626,0.0021374315579129246,0.05768545468648275,0.006045424958103016,2.4533218656763207,balanced,6.066293977233652,3.563320044356368,linear,"{'svc__C': 2.4533218656763207, 'svc__class_weight': 'balanced', 'svc__degree': 6.066293977233652, 'svc__gamma': 3.563320044356368, 'svc__kernel': 'linear'}",0.7569581415735261,0.9028859870514649,0.9315263908701855,0.8637901731650589,0.07644117744255179,17
93,0.34128594398498535,0.006871912531987119,0.13156636555989584,0.007533637748823457,0.005832677208476044,,2.8075641385885546,0.005105197150762484,rbf,"{'svc__C': 0.005832677208476044, 'svc__class_weight': None, 'svc__degree': 2.8075641385885546, 'svc__gamma': 0.005105197150762484, 'svc__kernel': 'rbf'}",0.935678281832128,0.8980577197410293,0.9386590584878745,0.9241316866870105,0.018477194440588162,3
94,0.32909433046976727,0.007897172475984373,0.13555034001668295,0.0033841729205532417,0.0051432190380716995,,6.313424268724065,0.023867550409285457,rbf,"{'svc__C': 0.0051432190380716995, 'svc__class_weight': None, 'svc__degree': 6.313424268724065, 'svc__gamma': 0.023867550409285457, 'svc__kernel': 'rbf'}",0.7463291694060924,0.7051464940195326,0.8267859102381213,0.7594205245545821,0.05051451658825533,60
95,0.22872082392374674,0.010568542837352892,0.03778227170308431,0.006707444473151635,40.36735782591037,,6.420951950151727,0.0022279415436277515,sigmoid,"{'svc__C': 40.36735782591037, 'svc__class_weight': None, 'svc__degree': 6.420951950151727, 'svc__gamma': 0.0022279415436277515, 'svc__kernel': 'sigmoid'}",0.6798159105851413,0.7624273016569736,0.7863491715132229,0.7428641279184459,0.045638961761748705,65
96,0.2882076104482015,0.014974752368114958,0.05515424410502116,0.013375159411981303,70.4804604331449,balanced,4.710746664318769,0.0036366618344422594,linear,"{'svc__C': 70.4804604331449, 'svc__class_weight': 'balanced', 'svc__degree': 4.710746664318769, 'svc__gamma': 0.0036366618344422594, 'svc__kernel': 'linear'}",0.7569581415735261,0.9028859870514649,0.9315263908701855,0.8637901731650589,0.07644117744255179,17
97,1.4718115329742432,0.023194070557143256,0.4709140459696452,0.029696166604671483,0.7838851818797914,,5.204312415380118,1.2348917305668923,poly,"{'svc__C': 0.7838851818797914, 'svc__class_weight': None, 'svc__degree': 5.204312415380118, 'svc__gamma': 1.2348917305668923, 'svc__kernel': 'poly'}",0.6517641902257287,0.7782289037638538,0.8626138483485132,0.7642023141126986,0.08664853718924974,55
98,0.8069173494974772,0.05606278901197161,0.24931629498799643,0.016286516947874478,6.099283685117972,balanced,2.354442599462293,6.068444222595941,sigmoid,"{'svc__C': 6.099283685117972, 'svc__class_weight': 'balanced', 'svc__degree': 2.354442599462293, 'svc__gamma': 6.068444222595941, 'svc__kernel': 'sigmoid'}",0.6943896559281175,0.7222648963019862,0.8085153078020411,0.7417232866773816,0.048580776862959266,66
99,1.232916275660197,0.17622831077861936,0.33202338218688965,0.07950953134452318,0.006237690078053846,balanced,3.500772497320362,0.06006256804703493,sigmoid,"{'svc__C': 0.006237690078053846, 'svc__class_weight': 'balanced', 'svc__degree': 3.500772497320362, 'svc__gamma': 0.06006256804703493, 'svc__kernel': 'sigmoid'}",0.849112426035503,0.8975090530012071,0.9433775924503456,0.8966663571623519,0.03848820600315644,6
